repository	url	commit
asciidoctor	https://github.com/asciidoctor/asciidoctor	30fb8cd5f7145c57274b04524ceaa99812f830e0
astro-docs	https://github.com/withastro/docs	c4c68af14995acede87ec0f03e797094d5c8c324
awesome-go	https://github.com/avelino/awesome-go	415e11de0684cf6846bc564b712165673421d32e
awesome	https://github.com/sindresorhus/awesome	bc98e517ddca672f55f9857d714fc3ea3c3540b2
awesome-python	https://github.com/vinta/awesome-python	fde943c5f2f6fa0128b12f68db9ddad7232d2e60
babel	https://github.com/babel/babel	fd665901dece022a0eda2ae7adda03bc9baabd5e
bat	https://github.com/sharkdp/bat	7323a7514f7601737640e7172be115127d6db08c
biome	https://github.com/biomejs/biome	b436ba00de298d5002a3d3bb1fae1d2a882f6d58
click	https://github.com/pallets/click	6aabf099bfdd4c1e75fe8d0e0d4241372b988ab1
cncf-glossary	https://github.com/cncf/glossary	03032a83592cb068fc2d5d1823d8f58fd7599f37
comprehensive-rust	https://github.com/google/comprehensive-rust	12877851717714a86db8520ad7e56081a3666bf1
containerd.io	https://github.com/containerd/containerd.io	7342376db0d0ee98356735535eeba16df285d1ec
content	https://github.com/mdn/content	5a81c288fb7213b2ca2180cda687500981ecf9e1
django	https://github.com/django/django	862ade3409ceaa8ec5305e6f5aa26ee0e553cf02
docsify	https://github.com/docsifyjs/docsify	a408e76cc9115ce40c54463acfb5f8b181f2f291
docusaurus	https://github.com/facebook/docusaurus	5215a33e576f5e027736e4e740260ef470a4de8c
eleventy-site	https://github.com/11ty/11ty-website	028e2555848ea8a08ece1ce268ee7d1335271427
etcd-website	https://github.com/etcd-io/website	81403a3295cf7521e2357dbdb7266d20c661f54e
fastapi	https://github.com/fastapi/fastapi	50113da16fec53b66b80d75e80a89296de4fa5a5
flask	https://github.com/pallets/flask	d73fa1cdcbd8b1465c151db8924ba58b1dd14e35
grafana	https://github.com/grafana/grafana	39703a2c01e37d6ef9f91147d1db29dd16c82611
grpc.io	https://github.com/grpc/grpc.io	516c96d2c1c04a141a619b9ffa3c7573ebee4f72
helix	https://github.com/helix-editor/helix	079a789e8cb08ead67f19e1971a1b7438b37354b
httpx	https://github.com/encode/httpx	b5addb64f0161ff6bfe94c124ef76f6a1fba5254
hugoDocs	https://github.com/gohugoio/hugoDocs	4558dd3c84b8775e3b9ea5ba143a08216646ccef
ionic-docs	https://github.com/ionic-team/ionic-docs	90892bce35330da866fcb1edc8694824ed5b3657
jekyll	https://github.com/jekyll/jekyll	541d8b2ee75c8907de4744d4b87a7a6f1f997cae
jest	https://github.com/jestjs/jest	121c2ae6d5796917d90024514c9f7ddb5a76df83
k8s-community	https://github.com/kubernetes/community	f84b019b852c8647fdffd64bec708afaa364524c
mdbook	https://github.com/rust-lang/mdBook	afe6eb8836bf49bf6e23d15ccf1b87d8a5395ca4
minimal-mistakes	https://github.com/mmistakes/minimal-mistakes	7c68402e079564981274be1d07da0387e3ebdf97
mkdocs	https://github.com/mkdocs/mkdocs	2862536793b3c67d9d83c33e0dd6d50a791928f8
mkdocs-material	https://github.com/squidfunk/mkdocs-material	1c73dca3ff4909e4cddd0d3b6e272298e902dec7
myst-parser	https://github.com/executablebooks/MyST-Parser	723cffcf84213f0cb58695b27eec9ad72052b53a
nextra	https://github.com/shuding/nextra	d6e80e1dd627b781429a6ee989b15ebba688c8ea
numpy	https://github.com/numpy/numpy	9b2580b71415826e05b05cc3ff87aa39bcff3833
ohmyzsh	https://github.com/ohmyzsh/ohmyzsh	157eb033f2a527021aac18c1f5850bbe3e3d223c
opentelemetry.io	https://github.com/open-telemetry/opentelemetry.io	0079d247461594393b512ec2af8c03e19080d216
prettier	https://github.com/prettier/prettier	787b7162663ba440d42d115edaebc9304a957018
pydantic	https://github.com/pydantic/pydantic	c124df7fb7348a3d6779c41fb5f4e5a73531e678
pydantic-settings	https://github.com/pydantic/pydantic-settings	e4191877f2954d7b9857a407c8bacb3958940818
react-native-website	https://github.com/facebook/react-native-website	87aac334d11b78bdf88897655e9bf40a440ccc27
redux	https://github.com/reduxjs/redux	c18053e6b1651a3de0f86fd40ba26cf39f0867d1
ripgrep	https://github.com/BurntSushi/ripgrep	3fce3b5bb0236da2df6d99672afb8a719642eca7
rust-book	https://github.com/rust-lang/book	1500248d8f230566e4ec9f27fcbb8fe9e2898ab1
rust-by-example	https://github.com/rust-lang/rust-by-example	af5ef7024e88587aa3be244422f6365e86c50e85
scrapy	https://github.com/scrapy/scrapy	fe30c1882a12651c19c5a94d71e9f14e442456c7
sphinx	https://github.com/sphinx-doc/sphinx	b04a2101295ac3fb725b16111eda0284b6da4cca
spring-boot	https://github.com/spring-projects/spring-boot	adbbf047320013ee42284d6957293aaf75a56ad7
starlight	https://github.com/withastro/starlight	525590a2480378187ea7b69c3863563d04e56315
superset	https://github.com/apache/superset	128c0c159ab8a1157e1f0688b43ba16b0c034889
swr	https://github.com/vercel/swr	57a71f71c05c865ae15758610110ef04e6b7b2a6
tailwindcss.com	https://github.com/tailwindlabs/tailwindcss.com	7f92c2213315c195dae583d68752da4042da3ade
terraform	https://github.com/hashicorp/terraform	78194be60cdab9c71ea1caf5e5c0b4d96e2c3691
TypeScript-Website	https://github.com/microsoft/TypeScript-Website	042c248fee502940b5817ba6232c090c21a1358d
unocss	https://github.com/unocss/unocss	93b642097a367f7e39a17bfcc386f52ef21442bd
vite	https://github.com/vitejs/vite	e9078f865cdff6bed77cd729214a7e2868f126b5
vitest	https://github.com/vitest-dev/vitest	a0a939653bc8441848579bb6ac18706372242cd6
vuejs-docs	https://github.com/vuejs/docs	40aa88af0094f7bab4aaf786e55c748a6a251d88
website	https://github.com/kubernetes/website	b290c15b046f36d7b228f3ef5728ca08e86070bc
zola	https://github.com/getzola/zola	dbf1b0e84ab90ba81a8c9dd6ff294297456cde47
